{"accuracy": 0.9592088998763906, "precision": 0.9594553323198708, "recall": 0.9589274082280591, "f1": 0.9590291485273407, "confusion_matrix": [[278, 7, 5], [5, 262, 3], [2, 11, 236]], "per_class_metrics": {"Class 0": {"precision": 0.9754385964912281, "recall": 0.9586206896551724, "f1_score": 0.9669565217391304}, "Class 1": {"precision": 0.9357142857142857, "recall": 0.9703703703703703, "f1_score": 0.9527272727272728}, "Class 2": {"precision": 0.9672131147540983, "recall": 0.9477911646586346, "f1_score": 0.9574036511156186}}, "confidence_scores": [0.91, 1.0, 0.8, 0.47, 0.85, 0.93, 0.49, 0.5, 0.83, 0.86, 0.54, 0.64, 0.66, 0.91, 0.46, 0.86, 0.91, 0.96, 0.77, 1.0, 0.58, 0.81, 0.92, 0.9, 0.83, 0.82, 0.42, 0.48, 0.73, 0.52, 0.86, 0.8, 0.79, 0.79, 0.88, 0.76, 0.71, 0.49, 0.92, 0.68, 0.62, 0.9, 0.52, 0.78, 0.94, 0.35, 0.43, 0.82, 0.92, 0.93, 0.92, 0.7, 0.73, 0.69, 0.73, 0.87, 0.88, 0.94, 0.91, 0.87, 0.68, 0.7, 0.87, 0.7, 0.43, 0.72, 0.81, 0.91, 0.72, 0.68, 0.85, 0.96, 0.93, 0.87, 0.8, 0.81, 0.98, 0.5, 0.46, 0.53, 0.63, 0.73, 0.86, 0.52, 0.81, 0.92, 0.51, 0.82, 0.69, 0.67, 0.64, 0.9, 0.75, 0.95, 0.63, 0.55, 0.82, 0.94, 0.72, 0.85, 1.0, 0.55, 0.64, 0.91, 0.96, 0.89, 0.4, 0.8, 0.78, 0.46, 0.76, 0.96, 0.47, 0.39, 0.94, 0.98, 0.78, 0.94, 0.55, 0.83, 0.7, 0.96, 0.75, 1.0, 0.8, 0.89, 0.58, 0.81, 0.88, 1.0, 0.72, 0.79, 0.88, 0.9, 0.87, 0.93, 0.87, 0.77, 0.8, 0.4, 0.52, 0.87, 0.87, 0.39, 0.58, 0.96, 0.72, 0.95, 0.94, 0.84, 0.79, 0.71, 0.76, 0.84, 0.92, 0.91, 0.79, 0.87, 0.78, 0.53, 0.65, 0.79, 0.91, 0.95, 0.47, 0.89, 0.88, 0.92, 0.85, 0.97, 0.66, 0.55, 0.92, 1.0, 0.91, 0.47, 0.68, 0.81, 0.94, 0.92, 0.7, 0.66, 0.88, 0.81, 0.67, 0.7, 0.94, 0.58, 0.37, 0.91, 0.56, 0.56, 0.7, 0.9, 0.79, 0.48, 0.44, 0.77, 0.53, 0.58, 0.56, 0.94, 0.8, 0.81, 0.44, 0.89, 0.77, 0.93, 0.99, 0.76, 0.8, 0.65, 0.76, 0.96, 0.93, 0.6, 0.42, 0.9, 0.84, 0.91, 0.83, 0.75, 1.0, 0.57, 0.77, 0.48, 0.53, 0.91, 0.86, 0.72, 0.74, 0.63, 0.89, 0.7, 0.45, 0.91, 0.64, 0.9, 0.66, 0.71, 0.9, 0.95, 0.86, 0.9, 0.93, 0.89, 0.88, 0.93, 0.39, 0.81, 0.8, 1.0, 0.58, 0.48, 0.76, 0.82, 0.78, 0.7, 0.89, 0.98, 0.92, 0.68, 0.79, 0.59, 0.9, 0.84, 0.88, 0.97, 0.58, 0.86, 0.59, 0.76, 0.91, 0.96, 0.56, 0.5, 0.8, 0.84, 0.39, 0.58, 0.92, 0.86, 0.86, 0.9, 0.56, 0.77, 0.93, 0.81, 0.89, 0.89, 0.86, 0.94, 0.88, 0.76, 0.73, 0.9, 0.76, 0.95, 0.94, 0.64, 0.95, 0.87, 0.45, 0.81, 0.47, 0.85, 0.88, 0.8, 0.8, 0.65, 0.79, 0.76, 0.86, 0.47, 0.91, 0.74, 0.72, 0.57, 0.62, 0.87, 0.77, 0.61, 0.76, 0.5, 0.99, 0.6, 0.75, 0.84, 0.97, 0.97, 0.8, 0.77, 0.75, 0.46, 0.97, 0.51, 0.94, 0.85, 0.9, 0.69, 0.92, 0.61, 0.91, 0.89, 0.97, 0.37, 0.58, 0.94, 0.85, 0.8, 0.57, 0.6, 0.86, 0.77, 0.51, 0.89, 0.87, 0.84, 0.84, 0.5, 0.78, 0.89, 0.8, 0.74, 0.77, 0.71, 0.96, 0.68, 0.91, 0.6, 0.36, 0.9, 0.38, 0.47, 0.8, 0.39, 0.83, 0.8, 0.73, 0.98, 0.54, 0.93, 0.91, 0.92, 0.7, 0.97, 0.72, 0.92, 0.99, 0.89, 0.85, 0.48, 0.76, 0.97, 0.43, 0.81, 0.92, 0.75, 0.95, 0.4, 0.87, 0.82, 0.69, 0.38, 0.44, 0.64, 0.73, 0.84, 0.84, 0.9, 0.55, 0.43, 0.6, 0.86, 0.91, 0.78, 0.72, 0.67, 0.97, 0.9, 0.65, 0.95, 0.67, 0.78, 0.72, 0.94, 0.72, 0.92, 0.79, 0.4, 0.89, 0.67, 0.68, 0.69, 0.82, 0.88, 0.79, 0.71, 0.62, 0.9, 0.92, 0.41, 0.97, 0.57, 0.91, 0.74, 0.47, 0.81, 0.78, 0.52, 0.69, 0.86, 0.77, 0.9, 0.86, 0.75, 0.84, 0.52, 0.44, 0.89, 0.81, 0.83, 0.61, 0.8, 0.78, 0.9, 0.91, 0.64, 0.84, 0.42, 0.67, 0.86, 0.88, 0.58, 1.0, 0.56, 0.66, 0.62, 0.96, 0.66, 0.88, 0.64, 0.78, 0.79, 0.89, 0.83, 0.8, 0.56, 0.77, 0.85, 0.94, 0.49, 0.75, 0.8, 0.82, 0.83, 0.86, 0.81, 0.9, 0.59, 0.65, 0.94, 0.88, 0.86, 0.88, 0.75, 0.73, 0.85, 0.89, 0.82, 0.89, 1.0, 0.75, 0.89, 0.94, 0.65, 0.84, 0.77, 0.56, 0.84, 0.85, 0.95, 0.82, 0.55, 0.82, 0.53, 0.9, 0.75, 0.59, 0.92, 0.95, 0.87, 0.76, 0.72, 0.77, 0.84, 0.99, 0.83, 0.52, 0.61, 0.79, 0.98, 0.42, 0.86, 0.86, 0.71, 0.94, 0.67, 0.51, 0.96, 0.7, 0.94, 0.52, 0.81, 0.83, 0.49, 0.95, 0.88, 0.86, 0.85, 0.68, 0.93, 0.66, 0.57, 0.53, 0.85, 0.65, 0.72, 0.71, 0.87, 0.59, 0.92, 0.91, 0.77, 0.83, 0.72, 0.85, 0.83, 0.96, 0.78, 0.86, 0.63, 0.54, 0.96, 0.97, 0.92, 0.64, 0.95, 0.7, 0.81, 0.55, 0.87, 0.89, 0.76, 0.58, 0.7, 0.48, 0.79, 0.89, 0.68, 0.85, 0.95, 0.77, 0.5, 0.68, 0.89, 0.89, 0.97, 0.72, 0.88, 0.9, 0.96, 0.93, 0.4, 0.5, 0.59, 0.9, 0.62, 0.93, 0.46, 0.98, 0.75, 0.82, 0.46, 0.95, 0.9, 0.93, 0.68, 0.53, 0.75, 0.61, 0.43, 0.38, 0.88, 0.7, 0.95, 0.88, 0.81, 0.88, 0.86, 0.47, 0.77, 0.84, 0.96, 0.68, 0.39, 0.86, 0.91, 0.8, 0.78, 0.56, 0.56, 0.69, 0.42, 0.79, 0.88, 0.7, 0.8, 0.84, 0.49, 0.43, 0.63, 0.74, 0.74, 0.73, 0.42, 0.76, 0.89, 0.89, 0.74, 0.84, 0.95, 0.96, 0.45, 0.49, 0.47, 0.81, 0.93, 0.79, 0.91, 0.83, 0.86, 0.89, 0.73, 0.9, 0.51, 0.59, 0.86, 0.93, 0.9, 0.96, 0.43, 0.93, 0.95, 0.78, 0.98, 0.89, 0.85, 0.62, 0.74, 0.58, 0.63, 0.37, 0.67, 0.73, 0.83, 0.9, 0.91, 0.82, 0.89, 0.6, 0.47, 0.71, 0.94, 0.8, 0.75, 0.91, 0.95, 0.74, 0.81, 0.89, 0.54, 0.84, 0.76, 0.9, 0.9, 0.63, 0.69, 0.8, 0.84, 0.78, 0.71, 0.43, 0.57, 0.82, 0.64, 0.9, 0.92, 0.83, 0.45, 0.83, 0.75, 0.77, 1.0, 0.95, 0.73, 0.36, 0.84, 0.74, 0.61, 0.89, 0.9, 0.89, 0.77, 0.99, 0.94, 0.76, 0.76, 0.85, 0.85, 0.85, 0.88, 0.72, 0.57, 0.93, 0.94, 0.91, 0.91, 0.62, 0.82, 0.72, 0.82, 0.81, 0.88, 0.74, 0.57, 0.94, 0.91, 0.54, 0.87, 0.62, 0.88, 0.93, 0.81, 0.55, 0.93, 0.85, 0.58, 0.74, 0.56, 0.45, 0.61, 0.98, 0.35, 0.98, 0.79, 0.58, 0.95, 0.92, 0.83, 0.75, 0.71, 0.86, 0.9, 0.74, 0.92, 0.88, 0.83, 0.52]}